feature,model,model_id,split_family,analysis_branch,n_units,mcc_mean,mcc_std,mcc_median,auroc_mean,auroc_std,auroc_median,auprc_mean,auprc_std,auprc_median,f1_mean,f1_std,f1_median,precision_mean,precision_std,precision_median,sensitivity_mean,sensitivity_std,sensitivity_median,specificity_mean,specificity_std,specificity_median,train_n_mean,train_n_std,train_n_median,test_n_mean,test_n_std,test_n_median
AAC_reference,LR_L2,LR_L2,r02a_sequence_cluster_hard_split,core_only,4,0.13841250223896495,0.24267226670815112,0.1130339542605719,0.6325544294294294,0.0796753784325218,0.6225198412698412,0.9039961211599585,0.027462813664107164,0.8941594535294756,0.7658705022895462,0.08219762577116933,0.8006161971830985,0.8722624798711754,0.07382409861670497,0.8630434782608696,0.6895645645645646,0.11222238026080256,0.7263513513513513,0.49553571428571425,0.30457641769790234,0.5,130.5,0.5773502691896257,130.5,43.5,0.5773502691896257,43.5
AAC_reference,LinearSVM,LinearSVM,r02a_sequence_cluster_hard_split,core_only,4,0.16986575477905713,0.1688909668100997,0.14744393520381224,0.6099146021021021,0.09438567595280875,0.6009424603174602,0.8936986959785288,0.03835944480859623,0.8908275969256441,0.7534617867717448,0.06496353492865509,0.7677931387608807,0.881993006993007,0.0572273732011501,0.8665501165501166,0.6619744744744744,0.09211597497360505,0.6572822822822822,0.5580357142857142,0.21595333254371116,0.5,130.5,0.5773502691896257,130.5,43.5,0.5773502691896257,43.5
