feature,model_id,split_family,analysis_branch,n_units,mcc_mean,mcc_std,mcc_median,auroc_mean,auroc_std,auroc_median,auprc_mean,auprc_std,auprc_median,f1_mean,f1_std,f1_median,precision_mean,precision_std,precision_median,sensitivity_mean,sensitivity_std,sensitivity_median,specificity_mean,specificity_std,specificity_median,train_n_mean,test_n_mean
ESM2_frozen_embedding,ESM2_LR_L2,r02a_sequence_cluster_hard_split,core_only,4,0.10243467722612833,0.26462980182104195,0.03863801559459641,0.6419455169455169,0.16812578946014317,0.6428571428571428,0.9095412970090542,0.04614946874166427,0.9110157304550506,0.8104448846321675,0.05894892610577193,0.8048982980489829,0.8558307574436607,0.062089499425464934,0.8387387387387388,0.7719594594594595,0.07436191555005874,0.7777777777777778,0.35267857142857145,0.27831757358942943,0.2857142857142857,130.5,43.5
ESM2_frozen_embedding,ESM2_LinearSVM,r02a_sequence_cluster_hard_split,core_only,4,0.15585760763636136,0.254658164078695,0.10579049691769046,0.6489536411411412,0.16878194975033395,0.6763392857142857,0.9141755700010499,0.045967053160550594,0.9244809447797772,0.8401190535299538,0.053197286119321265,0.8382295338817078,0.8624871001031992,0.05405693714690372,0.8452950558213717,0.8203828828828829,0.06693445740389863,0.8213213213213213,0.3482142857142857,0.25148369255092395,0.26785714285714285,130.5,43.5
